1,\N,Ducky,
2,\N,Huggy,
3,\N,Soulia,
4,\N,Asajj,
5,\N,Seylin,
6,\N,Duno,
7,\N,Meliny,
8,\N,Kold,
9,\N,Cognus,
10,\N,Maileena,
3001,10,Maileena,
5001,\N,Gildstone Sniper,
5002,\N,Enforcer of Laethys,
5003,\N,Chosen of Laethys,
5004,\N,Dunecaller of Laethys,
5005,\N,Gilded Striker,
5006,\N,Gildstone Sniper,
5007,\N,Gildstone Watcher,
5008,\N,Anrak the Foul,
5009,\N,Spawn of Anrak,
5010,\N,Spawn of Anrak,
5011,\N,Spawn of Anrak,
5012,\N,Spawn of Anrak,
5013,\N,Spawn of Anrak,
5014,\N,Spawn of Anrak,
5015,\N,Spawn of Anrak,
5016,\N,Blessed of Laethys,
5017,\N,Gildstone Watcher,
5018,\N,Gildstone Magus,
5019,\N,Gildstone Sniper,
5020,\N,Chosen of Laethys,
5021,\N,Gilded Gnar,
5022,\N,Guurloth,
5023,\N,Friend of Guurloth,
5024,\N,Dust Devil,
5025,\N,Dust Devil,
5026,\N,Friend of Guurloth,
5027,\N,Dust Devil,
5028,\N,Dust Devil,
5029,\N,Dust Devil,
5030,\N,Dust Devil,
5031,\N,Friend of Guurloth,
5032,\N,Dust Devil,
5033,\N,Dust Devil,
5034,\N,Dust Devil,
5035,\N,Dust Devil,
5036,\N,Friend of Guurloth,
5037,\N,Dust Devil,
5038,\N,Dust Devil,
5039,\N,Dust Devil,
5040,\N,Dust Devil,
5041,\N,Dust Devil,
5042,\N,Dust Devil,
5043,\N,Friend of Guurloth,
5044,\N,Dust Devil,
5045,\N,Dust Devil,
5046,\N,Dust Devil,
5047,\N,Dust Devil,
5048,\N,Dust Devil,
5049,\N,Dust Devil,
5050,\N,Friend of Guurloth,
5051,\N,Dust Devil,
5052,\N,Dust Devil,
5053,\N,Dust Devil,
5054,\N,Dust Devil,
5055,\N,Dunecaller of Laethys,
5056,\N,Dunecaller of Laethys,
5057,\N,Thalguur,
3002,9,Faptor,
5058,\N,Greedy Telaran Spirit,
5059,\N,,
5060,\N,Greedy Telaran Spirit,
5061,\N,Greedy Telaran Spirit,
5062,\N,,
5063,\N,Greedy Telaran Spirit,
5064,\N,Greedy Telaran Spirit,
5065,\N,Greedy Telaran Spirit,
5066,\N,,
5067,\N,Greedy Telaran Spirit,
5068,\N,Greedy Telaran Spirit,
5069,\N,Greedy Telaran Spirit,
5070,\N,Greedy Telaran Spirit,
5071,\N,,
5072,\N,Greedy Telaran Spirit,
5073,\N,Greedy Telaran Spirit,
5074,\N,Greedy Telaran Spirit,
5075,\N,Greedy Telaran Spirit,
5076,\N,Greedy Telaran Spirit,
5077,\N,Defiant Rescue Medic,
5078,\N,Uruluuk,
5079,\N,Crystal of Imprisonment,
5080,\N,Crystal of Imprisonment,
5081,\N,Uruluuk,
5082,\N,Crystal of Imprisonment,
5083,\N,Crystal of Imprisonment,
5084,\N,Crystal of Imprisonment,
5085,\N,Crystal of Imprisonment,
5086,\N,Gildstone Earthspawn,
5087,\N,Gildstone Earthspawn,
5088,\N,Crumbling Power,
5089,\N,Shrine of Rage,
5090,\N,Shrine of Protection,
5091,\N,Shrine of Gold,
5092,\N,Crystal of Imprisonment,
5093,\N,Gildstone Nugget,
5094,\N,Gildstone Nugget,
5095,\N,Gilded Gnar,
5096,\N,Gildstone Nugget,
5097,\N,Gildstone Nugget,
5098,\N,Gilded Gnar,
5099,\N,Uruluuk,
5100,\N,Crystal of Imprisonment,
5101,\N,Gilded Gnar,
5102,\N,Crystal of Imprisonment,
5103,\N,Gilded Gnar,
5104,\N,Crystal of Imprisonment,
5105,\N,Crystal of Imprisonment,
5106,\N,Gilded Gnar,
5107,\N,Crystal of Imprisonment,
5108,\N,Crumbling Power,
5109,\N,Gildstone Earthspawn,
5110,\N,Gildstone Earthspawn,
5111,\N,Shrine of Gold,
5112,\N,Shrine of Rage,
5113,\N,Shrine of Protection,
5114,\N,Gilded Gnar,
5115,\N,Crystal of Imprisonment,
5116,\N,Crystal of Imprisonment,
5117,\N,Uruluuk,
5118,\N,Crystal of Imprisonment,
5119,\N,Crystal of Imprisonment,
5120,\N,Crystal of Imprisonment,
5121,\N,Crystal of Imprisonment,
5122,\N,Crumbling Power,
5123,\N,Gildstone Earthspawn,
5124,\N,Gildstone Earthspawn,
5125,\N,Shrine of Gold,
5126,\N,Shrine of Rage,
5127,\N,Shrine of Protection,
5128,\N,Crystal of Imprisonment,
5129,\N,Crystal of Imprisonment,
5130,\N,Fallen Adventurer,
5131,\N,Uruluuk,
5132,\N,Crystal of Imprisonment,
5133,\N,Crystal of Imprisonment,
5134,\N,Crystal of Imprisonment,
5135,\N,Crystal of Imprisonment,
5136,\N,Gildstone Earthspawn,
5137,\N,Gildstone Earthspawn,
5138,\N,Crumbling Power,
5139,\N,Shrine of Gold,
5140,\N,Shrine of Rage,
5141,\N,Shrine of Protection,
5142,\N,Crystal of Imprisonment,
5143,\N,Fallen Adventurer,
5144,\N,Fallen Adventurer,
5145,\N,Uruluuk,
5146,\N,Crystal of Imprisonment,
5147,\N,Crystal of Imprisonment,
5148,\N,Crystal of Imprisonment,
5149,\N,Crystal of Imprisonment,
5150,\N,Crystal of Imprisonment,
5151,\N,Crumbling Power,
5152,\N,Gildstone Earthspawn,
5153,\N,Gildstone Earthspawn,
5154,\N,Shrine of Gold,
5155,\N,Shrine of Rage,
5156,\N,Shrine of Protection,
5157,\N,Crystal of Imprisonment,
5158,\N,Crystal of Imprisonment,
5159,\N,Fallen Adventurer,
5160,\N,Fallen Adventurer,
5161,\N,Fallen Adventurer,
5162,\N,Uruluuk,
5163,\N,Crystal of Imprisonment,
5164,\N,Crystal of Imprisonment,
5165,\N,Crystal of Imprisonment,
5166,\N,Crystal of Imprisonment,
5167,\N,Crystal of Imprisonment,
5168,\N,Shrine of Gold,
5169,\N,Shrine of Rage,
5170,\N,Shrine of Protection,
5171,\N,Crystal of Imprisonment,
5172,\N,Fallen Adventurer,
5173,\N,Uruluuk,
5174,\N,Crystal of Imprisonment,
5175,\N,Embalmed Wretch,
11,\N,Jalia,
12,\N,Laus,
13,\N,Aleeen,
5176,\N,Undertaker,
5177,\N,Disinterred Remains,
14,\N,Moirainesedai,
15,\N,Bomanz,
5178,\N,Primal Sourcescourge,
3003,14,Gunny,
16,\N,Stalie,
5179,\N,Quartermaster Savija,
17,\N,Protank,
18,\N,Voovoo,
3004,18,Dinner,
19,\N,Theemann,
5180,\N,Transcendent Wardstone,
20,\N,Fiddler,
3005,13,Boneman,
21,\N,Xawt,
22,\N,Liikeomg,
23,\N,Beave,
5181,\N,Primal Sourcescourge,
5182,\N,Cannon,
5183,\N,Cannon,
5184,\N,Cannon,
24,\N,Teagin,
25,\N,Option,
26,\N,Severin,
5185,\N,Cannon,
5186,\N,Cannon,
5187,\N,Cannon,
27,\N,Samarra,
3006,27,Stormy,
28,\N,Aeragale,
5188,\N,Cannon,
5189,\N,Cannon,
5190,\N,Disinterred Remains,
29,\N,Morwen,
5191,\N,Disinterred Remains,
5192,\N,Cannon,
5193,\N,Cannon,
30,\N,Phillydwight,
5194,\N,Cannon,
5195,\N,Cannon,
5196,\N,Defiant Guard,
31,\N,Avanash,
5197,\N,Cannon,
32,\N,Alyupb,
5198,\N,Cannon,
33,\N,Khukan,
5199,\N,Cannon,
5200,\N,Cannon,
34,\N,Pyree,
35,\N,Boda,
36,\N,Bleargh,
37,\N,Xoelles,
38,\N,Darjette,
39,\N,Ariane,
5201,\N,Fallen Hammerlord,
40,\N,Saraiyu,
41,\N,Darklune,
42,\N,Annihilate,
43,\N,Xyrus,
44,\N,Renala,
3007,43,Wormpet,
45,\N,Virge,
46,\N,Seyon,
3008,47,Maileena,
3009,48,Gumbercules,
49,\N,Faiona,
47,\N,Maileena,
48,\N,Rubadub,
50,\N,Evilpixel,
51,\N,Hell,
52,\N,Krinadon,
5202,\N,Runeburst Shade,
53,\N,Entry,
5203,\N,Fallen Hammerlord,
5204,\N,Runeburst Shade,
5205,\N,Fallen Hammerlord,
5206,\N,Cursed Delver,
3010,48,Skeletal Zealot,
3011,48,Shambling Corpse,
3012,48,Split Personality,
5207,\N,Murdantix,
5208,\N,Murdantix,
3013,47,Tank,
5209,\N,Runeguard Hammer,
5210,\N,Runeguard Hammer,
5211,\N,Runeguard Hammer,
5212,\N,Runeguard Hammer,
5213,\N,Runeguard Hammer,
5214,\N,Banner of Rage,
5215,\N,Banner of Fortitude,
5216,\N,Runeguard Hammer,
5217,\N,Runeguard Hammer,
5218,\N,Runeguard Hammer,
5219,\N,Runeguard Hammer,
5220,\N,Runeguard Hammer,
5221,\N,Runeguard Hammer,
5222,\N,Runeguard Hammer,
5223,\N,Runeguard Hammer,
5224,\N,Runeguard Hammer,
5225,\N,Runeguard Hammer,
5226,\N,Runeguard Hammer,
5227,\N,Runeguard Hammer,
5228,\N,Runeguard Hammer,
5229,\N,Runeguard Hammer,
5230,\N,Runeguard Hammer,
5231,\N,Runeguard Hammer,
5232,\N,Runeguard Hammer,
5233,\N,Runeguard Hammer,
5234,\N,Murdantix,
5235,\N,Runeguard Hammer,
5236,\N,Runeguard Hammer,
5237,\N,Runeguard Hammer,
5238,\N,Runeguard Hammer,
5239,\N,Runeguard Hammer,
5240,\N,Banner of Fortitude,
5241,\N,Banner of Rage,
5242,\N,Runeguard Hammer,
5243,\N,Runeguard Hammer,
5244,\N,Runeguard Hammer,
5245,\N,Runeguard Hammer,
5246,\N,Runeguard Hammer,
5247,\N,Runeguard Hammer,
5248,\N,Runeguard Hammer,
5249,\N,Runeguard Hammer,
5250,\N,Runeguard Hammer,
5251,\N,Runeguard Hammer,
5252,\N,Runeguard Hammer,
5253,\N,Runeguard Hammer,
5254,\N,Runeguard Hammer,
5255,\N,Runeguard Hammer,
5256,\N,Runeguard Hammer,
5257,\N,Runeguard Hammer,
5258,\N,Runeguard Hammer,
5259,\N,Runeguard Hammer,
5260,\N,Runeguard Hammer,
5261,\N,Runeguard Hammer,
5262,\N,Runeguard Hammer,
5263,\N,Runeguard Hammer,
5264,\N,Runeguard Hammer,
5265,\N,Runeguard Hammer,
5266,\N,Runeguard Hammer,
5267,\N,Runeguard Hammer,
5268,\N,Runeguard Hammer,
5269,\N,Runeguard Hammer,
5270,\N,Runeguard Hammer,
5271,\N,Runeguard Hammer,
5272,\N,Soul Tormentor,
5273,\N,Soul Tormentor,
5274,\N,Soul Tormentor,
5275,\N,Soul Tormentor,
5276,\N,Soul Tormentor,
5277,\N,Soul Tormentor,
5278,\N,Soul Tormentor,
5279,\N,Soul Tormentor,
5280,\N,Soul Tormentor,
5281,\N,Soul Tormentor,
5282,\N,Soul Tormentor,
5283,\N,Soul Tormentor,
5284,\N,Soul Tormentor,
5285,\N,Soul Tormentor,
5286,\N,Runeguard Hammer,
5287,\N,Soul Tormentor,
5288,\N,Soul Tormentor,
5289,\N,Soul Tormentor,
5290,\N,Soul Tormentor,
5291,\N,Soul Tormentor,
5292,\N,Runeguard Hammer,
5293,\N,Runeguard Hammer,
5294,\N,Runeguard Hammer,
5295,\N,Soul Tormentor,
5296,\N,Soul Tormentor,
5297,\N,Soul Tormentor,
5298,\N,Soul Tormentor,
5299,\N,Soul Tormentor,
5300,\N,Soul Tormentor,
5301,\N,Runeguard Hammer,
5302,\N,Runeguard Hammer,
5303,\N,Runeguard Hammer,
5304,\N,Runeguard Hammer,
5305,\N,Murdantix,
5306,\N,Runeguard Hammer,
5307,\N,Runeguard Hammer,
5308,\N,Runeguard Hammer,
5309,\N,Runeguard Hammer,
5310,\N,Runeguard Hammer,
5311,\N,Banner of Fortitude,
5312,\N,Banner of Rage,
5313,\N,Runeguard Hammer,
5314,\N,Runeguard Hammer,
5315,\N,Runeguard Hammer,
5316,\N,Runeguard Hammer,
5317,\N,Runeguard Hammer,
5318,\N,Runeguard Hammer,
5319,\N,Runeguard Hammer,
5320,\N,Runeguard Hammer,
5321,\N,Runeguard Hammer,
5322,\N,Runeguard Hammer,
5323,\N,Runeguard Hammer,
5324,\N,Runeguard Hammer,
5325,\N,Runeguard Hammer,
5326,\N,Runeguard Hammer,
5327,\N,Runeguard Hammer,
5328,\N,Runeguard Hammer,
5329,\N,Runeguard Hammer,
5330,\N,Runeguard Hammer,
5331,\N,Runeguard Hammer,
5332,\N,Runeguard Hammer,
5333,\N,Runeguard Hammer,
5334,\N,Runeguard Hammer,
5335,\N,Runeguard Hammer,
5336,\N,Runeguard Hammer,
5337,\N,Runeguard Hammer,
5338,\N,Soul Tormentor,
5339,\N,Soul Tormentor,
5340,\N,Soul Tormentor,
5341,\N,Soul Tormentor,
5342,\N,Soul Tormentor,
5343,\N,Soul Tormentor,
5344,\N,Soul Tormentor,
5345,\N,Soul Tormentor,
5346,\N,Soul Tormentor,
5347,\N,Soul Tormentor,
5348,\N,Soul Tormentor,
5349,\N,Soul Tormentor,
5350,\N,Runeguard Hammer,
5351,\N,Runeguard Hammer,
5352,\N,Runeguard Hammer,
5353,\N,Runeguard Hammer,
5354,\N,Soul Tormentor,
5355,\N,Soul Tormentor,
5356,\N,Soul Tormentor,
5357,\N,Soul Tormentor,
5358,\N,Soul Tormentor,
5359,\N,Soul Tormentor,
5360,\N,Soul Tormentor,
5361,\N,Soul Tormentor,
5362,\N,Soul Tormentor,
5363,\N,Soul Tormentor,
5364,\N,Soul Tormentor,
5365,\N,Soul Tormentor,
5366,\N,Soul Tormentor,
5367,\N,Soul Tormentor,
5368,\N,Runeguard Hammer,
5369,\N,Runeguard Hammer,
5370,\N,Runeguard Hammer,
5371,\N,Runeguard Hammer,
5372,\N,Runeguard Hammer,
5373,\N,Runeguard Hammer,
5374,\N,Runeguard Hammer,
3014,41,Morrow,
5375,\N,Dominating Ghoul,
5376,\N,Painstalker Mongrel,
5377,\N,Painstalker Mongrel,
5378,\N,Runebone Minion,
5379,\N,Runebone Minion,
5380,\N,Runebone Minion,
5381,\N,Runebone Minion,
5382,\N,Runebone Minion,
3015,43,Excuses,
5383,\N,Summoned Skeleton,
5384,\N,Summoned Skeleton,
5385,\N,Runebone Minion,
5386,\N,Runebone Minion,
5387,\N,Runebone Minion,
5388,\N,Runebone Minion,
5389,\N,Runebone Minion,
5390,\N,Dominating Ghoul,
5391,\N,Painstalker Mongrel,
5392,\N,Painstalker Mongrel,
5393,\N,Runebone Minion,
5394,\N,Runebone Minion,
5395,\N,Runebone Minion,
5396,\N,Runebone Minion,
5397,\N,Runebone Minion,
5398,\N,Runebone Minion,
5399,\N,Runebone Minion,
5400,\N,Runebone Minion,
5401,\N,Runebone Minion,
5402,\N,Runebone Minion,
5403,\N,Runebone Sorcerer,
5404,\N,Runebone Defender,
5405,\N,Runebone Warlock,
5406,\N,Runebone Warlock,
5407,\N,Runebone Sorcerer,
5408,\N,Annihilate,
5409,\N,Flesh Creeper,
5410,\N,Flesh Creeper,
5411,\N,Flesh Creeper,
5412,\N,Colossal Abomination,
5413,\N,Runebone Slasher,
5414,\N,Runebone Minion,
5415,\N,Runebone Ranger,
5416,\N,Runebone Minion,
5417,\N,Runebone Minion,
5418,\N,Runebone Minion,
5419,\N,Runebone Minion,
5420,\N,Colossal Abomination,
5421,\N,Runebone Slasher,
5422,\N,Runebone Minion,
5423,\N,Runebone Minion,
5424,\N,Runebone Ranger,
5425,\N,Runebone Minion,
5426,\N,Runebone Minion,
5427,\N,Runebone Minion,
5428,\N,Runebone Sorcerer,
5429,\N,Runebone Warlock,
5430,\N,Runebone Defender,
5431,\N,Runebone Warlock,
5432,\N,Runebone Sorcerer,
5433,\N,Runebone Warlock,
5434,\N,Runebone Reaver,
5435,\N,Runebone Defender,
5436,\N,Runebone Ranger,
5437,\N,Runebone Slasher,
5438,\N,Colossal Abomination,
5439,\N,Runebone Sorcerer,
5440,\N,Runebone Warlock,
5441,\N,Runebone Reaver,
5442,\N,Runebone Reaver,
5443,\N,Runebone Minion,
5444,\N,Runebone Minion,
5445,\N,Runebone Minion,
5446,\N,Runebone Minion,
5447,\N,Runebone Minion,
5448,\N,Runebone Minion,
5449,\N,Runebone Minion,
5450,\N,Runebone Minion,
5451,\N,Runebone Minion,
5452,\N,Runebone Minion,
5453,\N,Stasis Crystal,
5454,\N,Soulrender Zilas,
5455,\N,Stasis Crystal,
5456,\N,Stasis Crystal,
5457,\N,Stasis Crystal,
5458,\N,Escaped Butcher,
5459,\N,Escaped Butcher,
5460,\N,Drifting Spirit,
5461,\N,Escaped Imp,
5462,\N,Escaped Imp,
5463,\N,Escaped Imp,
5464,\N,Drifting Spirit,
5465,\N,Escaped Imp,
5466,\N,Banner of Rage,
5467,\N,Banner of Fortitude,
5468,\N,Escaped Magus,
5469,\N,Escaped Butcher,
5470,\N,Escaped Magus,
5471,\N,Wrathful Bones,
5472,\N,Wrathful Bones,
5473,\N,Wrathful Bones,
5474,\N,Wrathful Bones,
5475,\N,Wrathful Bones,
5476,\N,Wrathful Bones,
5477,\N,Escaped Butcher,
5478,\N,Escaped Imp,
5479,\N,Escaped Magus,
5480,\N,Escaped Butcher,
5481,\N,Wrathful Bones,
5482,\N,Wrathful Bones,
5483,\N,Wrathful Bones,
5484,\N,Wrathful Bones,
5485,\N,Wrathful Bones,
5486,\N,Wrathful Bones,
5487,\N,Escaped Imp,
5488,\N,Escaped Magus,
5489,\N,Drifting Spirit,
5490,\N,Escaped Butcher,
5491,\N,Wrathful Bones,
5492,\N,Wrathful Bones,
5493,\N,Wrathful Bones,
5494,\N,Wrathful Bones,
5495,\N,Wrathful Bones,
5496,\N,Wrathful Bones,
5497,\N,Escaped Magus,
5498,\N,Escaped Imp,
5499,\N,Escaped Imp,
5500,\N,Drifting Spirit,
5501,\N,Escaped Magus,
5502,\N,Wrathful Bones,
5503,\N,Wrathful Bones,
5504,\N,Wrathful Bones,
5505,\N,Wrathful Bones,
5506,\N,Wrathful Bones,
5507,\N,Wrathful Bones,
5508,\N,Escaped Imp,
5509,\N,Drifting Spirit,
5510,\N,Escaped Butcher,
5511,\N,Escaped Butcher,
5512,\N,Drifting Spirit,
5513,\N,Escaped Imp,
5514,\N,Wrathful Bones,
5515,\N,Wrathful Bones,
5516,\N,Wrathful Bones,
5517,\N,Wrathful Bones,
5518,\N,Wrathful Bones,
5519,\N,Wrathful Bones,
5520,\N,Escaped Magus,
5521,\N,Drifting Spirit,
5522,\N,Soulrender Zilas,
5523,\N,Stasis Crystal,
5524,\N,Soulrender Zilas,
5525,\N,Stasis Crystal,
5526,\N,Stasis Crystal,
5527,\N,Stasis Crystal,
5528,\N,Soulrender Zilas,
5529,\N,Escaped Imp,
5530,\N,Escaped Butcher,
5531,\N,Escaped Butcher,
5532,\N,Escaped Imp,
5533,\N,Drifting Spirit,
5534,\N,Escaped Butcher,
5535,\N,Drifting Spirit,
5536,\N,Escaped Magus,
5537,\N,Escaped Imp,
5538,\N,Escaped Butcher,
5539,\N,Escaped Magus,
5540,\N,Banner of Fortitude,
5541,\N,Wrathful Bones,
5542,\N,Wrathful Bones,
5543,\N,Wrathful Bones,
5544,\N,Wrathful Bones,
5545,\N,Wrathful Bones,
5546,\N,Wrathful Bones,
5547,\N,Banner of Rage,
5548,\N,Escaped Butcher,
5549,\N,Escaped Imp,
5550,\N,Escaped Imp,
5551,\N,Escaped Imp,
5552,\N,Drifting Spirit,
5553,\N,Wrathful Bones,
5554,\N,Wrathful Bones,
5555,\N,Wrathful Bones,
5556,\N,Wrathful Bones,
5557,\N,Wrathful Bones,
5558,\N,Wrathful Bones,
5559,\N,Escaped Butcher,
5560,\N,Escaped Magus,
5561,\N,Drifting Spirit,
5562,\N,Escaped Imp,
5563,\N,Escaped Magus,
5564,\N,Wrathful Bones,
5565,\N,Wrathful Bones,
5566,\N,Wrathful Bones,
5567,\N,Wrathful Bones,
5568,\N,Wrathful Bones,
5569,\N,Wrathful Bones,
5570,\N,Escaped Butcher,
5571,\N,Escaped Butcher,
5572,\N,Drifting Spirit,
5573,\N,Escaped Butcher,
5574,\N,Drifting Spirit,
5575,\N,Wrathful Bones,
5576,\N,Wrathful Flesh,
5577,\N,Escaped Imp,
5578,\N,Wrathful Bones,
5579,\N,Wrathful Flesh,
5580,\N,Wrathful Bones,
5581,\N,Wrathful Bones,
5582,\N,Wrathful Bones,
5583,\N,Wrathful Bones,
5584,\N,Escaped Magus,
5585,\N,Drifting Umbral,
5586,\N,Drifting Spirit,
5587,\N,Drifting Spirit,
5588,\N,Wrathful Bones,
5589,\N,Wrathful Bones,
5590,\N,Wrathful Bones,
5591,\N,Wrathful Flesh,
5592,\N,Wrathful Bones,
5593,\N,Wrathful Bones,
5594,\N,Wrathful Bones,
5595,\N,Wrathful Flesh,
5596,\N,Escaped Magus,
5597,\N,Drifting Umbral,
5598,\N,Escaped Butcher,
5599,\N,Escaped Imp,
5600,\N,Escaped Imp,
5601,\N,Banner of Fortitude,
5602,\N,Escaped Magus,
5603,\N,Drifting Umbral,
5604,\N,Escaped Butcher,
5605,\N,Wrathful Bones,
5606,\N,Wrathful Bones,
5607,\N,Wrathful Bones,
5608,\N,Wrathful Flesh,
5609,\N,Wrathful Bones,
5610,\N,Wrathful Bones,
5611,\N,Wrathful Bones,
5612,\N,Wrathful Flesh,
5613,\N,Soulrender Zilas,
5614,\N,Stasis Crystal,
5615,\N,Stasis Crystal,
5616,\N,Stasis Crystal,
5617,\N,Stasis Crystal,
5618,\N,Soulrender Zilas,
5619,\N,Stasis Crystal,
5620,\N,Stasis Crystal,
5621,\N,Stasis Crystal,
5622,\N,Stasis Crystal,
5623,\N,Escaped Butcher,
5624,\N,Escaped Butcher,
5625,\N,Escaped Imp,
5626,\N,Escaped Butcher,
5627,\N,Drifting Spirit,
5628,\N,Banner of Fortitude,
5629,\N,Banner of Rage,
5630,\N,Drifting Spirit,
5631,\N,Escaped Imp,
5632,\N,Escaped Magus,
5633,\N,Escaped Imp,
5634,\N,Escaped Butcher,
5635,\N,Wrathful Bones,
5636,\N,Wrathful Bones,
5637,\N,Wrathful Bones,
5638,\N,Wrathful Bones,
5639,\N,Wrathful Bones,
5640,\N,Wrathful Bones,
5641,\N,Escaped Magus,
5642,\N,Escaped Imp,
5643,\N,Escaped Butcher,
5644,\N,Escaped Magus,
5645,\N,Escaped Butcher,
5646,\N,Drifting Spirit,
5647,\N,Wrathful Bones,
5648,\N,Wrathful Bones,
5649,\N,Wrathful Bones,
5650,\N,Wrathful Bones,
5651,\N,Wrathful Bones,
5652,\N,Wrathful Bones,
5653,\N,Escaped Imp,
5654,\N,Drifting Spirit,
5655,\N,Escaped Imp,
5656,\N,Escaped Magus,
5657,\N,Escaped Butcher,
5658,\N,Wrathful Bones,
5659,\N,Wrathful Bones,
5660,\N,Wrathful Bones,
5661,\N,Wrathful Bones,
5662,\N,Wrathful Bones,
5663,\N,Wrathful Bones,
5664,\N,Soulrender Zilas,
5665,\N,Stasis Crystal,
5666,\N,Stasis Crystal,
5667,\N,Stasis Crystal,
5668,\N,Stasis Crystal,
5669,\N,Escaped Imp,
5670,\N,Escaped Imp,
5671,\N,Drifting Spirit,
5672,\N,Escaped Butcher,
5673,\N,Drifting Spirit,
5674,\N,Escaped Butcher,
5675,\N,Drifting Spirit,
5676,\N,Escaped Imp,
5677,\N,Escaped Magus,
5678,\N,Escaped Butcher,
5679,\N,Escaped Butcher,
5680,\N,Escaped Imp,
5681,\N,Banner of Rage,
5682,\N,Banner of Fortitude,
5683,\N,Escaped Magus,
5684,\N,Escaped Imp,
5685,\N,Wrathful Bones,
5686,\N,Wrathful Bones,
5687,\N,Wrathful Bones,
5688,\N,Wrathful Bones,
5689,\N,Wrathful Bones,
5690,\N,Wrathful Bones,
5691,\N,Escaped Butcher,
5692,\N,Escaped Magus,
5693,\N,Wrathful Bones,
5694,\N,Wrathful Bones,
5695,\N,Wrathful Bones,
5696,\N,Wrathful Bones,
5697,\N,Wrathful Bones,
5698,\N,Wrathful Bones,
5699,\N,Escaped Butcher,
5700,\N,Drifting Spirit,
5701,\N,Escaped Magus,
5702,\N,Escaped Imp,
5703,\N,Escaped Butcher,
5704,\N,Drifting Spirit,
5705,\N,Escaped Magus,
5706,\N,Wrathful Bones,
5707,\N,Wrathful Bones,
5708,\N,Wrathful Bones,
5709,\N,Wrathful Bones,
5710,\N,Wrathful Bones,
5711,\N,Wrathful Bones,
5712,\N,Escaped Imp,
5713,\N,Drifting Spirit,
5714,\N,Escaped Imp,
5715,\N,Wrathful Bones,
5716,\N,Wrathful Bones,
5717,\N,Wrathful Bones,
5718,\N,Wrathful Bones,
5719,\N,Wrathful Bones,
5720,\N,Wrathful Bones,
5721,\N,Escaped Magus,
5722,\N,Escaped Butcher,
5723,\N,Drifting Spirit,
5724,\N,Escaped Butcher,
5725,\N,Drifting Spirit,
5726,\N,Escaped Magus,
5727,\N,Escaped Imp,
5728,\N,Wrathful Bones,
5729,\N,Wrathful Bones,
5730,\N,Wrathful Bones,
5731,\N,Wrathful Bones,
5732,\N,Wrathful Bones,
5733,\N,Wrathful Bones,
5734,\N,Drifting Spirit,
5735,\N,Banner of Rage,
5736,\N,Banner of Fortitude,
5737,\N,Drifting Spirit,
5738,\N,Escaped Butcher,
5739,\N,Drifting Umbral,
5740,\N,Wrathful Bones,
5741,\N,Wrathful Bones,
5742,\N,Wrathful Bones,
5743,\N,Wrathful Flesh,
5744,\N,Wrathful Bones,
5745,\N,Wrathful Bones,
5746,\N,Wrathful Bones,
5747,\N,Wrathful Flesh,
5748,\N,Escaped Butcher,
5749,\N,Escaped Imp,
5750,\N,Escaped Magus,
5751,\N,Escaped Imp,
5752,\N,Drifting Spirit,
5753,\N,Escaped Imp,
5754,\N,Drifting Spirit,
5755,\N,Escaped Butcher,
5756,\N,Wrathful Bones,
5757,\N,Wrathful Bones,
5758,\N,Wrathful Bones,
5759,\N,Wrathful Flesh,
5760,\N,Wrathful Bones,
5761,\N,Wrathful Bones,
5762,\N,Wrathful Bones,
5763,\N,Wrathful Flesh,
5764,\N,Escaped Butcher,
5765,\N,Drifting Spirit,
54,\N,Alektri,
5766,\N,Cursed Delver,
5767,\N,Flesh Creeper,
5768,\N,Flesh Creeper,
5769,\N,Fallen Hammerlord,
5770,\N,Forgotten Mason,
5771,\N,Flesh Creeper,
5772,\N,Flesh Creeper,
5773,\N,Lost Soldier,
5774,\N,Flesh Creeper,
5775,\N,Flesh Creeper,
5776,\N,Flesh Creeper,
5777,\N,Flesh Creeper,
5778,\N,Flesh Creeper,
5779,\N,Lost Mason,
5780,\N,Cursed Hammerlord,
5781,\N,Fallen Delver,
5782,\N,Flesh Creeper,
5783,\N,Flesh Creeper,
5784,\N,Forgotten Soldier,
5785,\N,Flesh Creeper,
5786,\N,Runevoid Excavator,
5787,\N,Runevoid Digger,
5788,\N,Runevoid Construct,
5789,\N,Runevoid Gouger,
3016,54,Kafka,
5790,\N,Vladmal Prime,
3017,54,Split Personality,
5791,\N,Banner of Fortitude,
5792,\N,Boundless Tunneler,
3018,54,Shambling Corpse,
5793,\N,Boundless Tunneler,
5794,\N,Boundless Delver,
5795,\N,Boundless Excavator,
5796,\N,Boundless Tunneler,
5797,\N,Boundless Tunneler,
5798,\N,Boundless Delver,
5799,\N,Boundless Tunneler,
5800,\N,Boundless Tunneler,
5801,\N,Boundless Excavator,
5802,\N,Boundless Delver,
5803,\N,Boundless Tunneler,
5804,\N,Boundless Tunneler,
5805,\N,Runevoid Gouger,
5806,\N,Boundless Excavator,
5807,\N,Runevoid Construct,
5808,\N,Boundless Tunneler,
5809,\N,Boundless Tunneler,
5810,\N,Boundless Delver,
5811,\N,Boundless Tunneler,
5812,\N,Boundless Tunneler,
5813,\N,Boundless Delver,
5814,\N,Boundless Excavator,
5815,\N,Boundless Tunneler,
5816,\N,Boundless Tunneler,
5817,\N,Boundless Delver,
5818,\N,Boundless Tunneler,
5819,\N,Boundless Excavator,
5820,\N,Boundless Tunneler,
5821,\N,Boundless Tunneler,
5822,\N,Boundless Tunneler,
5823,\N,Boundless Delver,
5824,\N,Boundless Tunneler,
5825,\N,Boundless Excavator,
5826,\N,Boundless Tunneler,
5827,\N,Boundless Tunneler,
5828,\N,Boundless Tunneler,
5829,\N,Boundless Delver,
5830,\N,Vladmal Prime,
5831,\N,Boundless Tunneler,
5832,\N,Boundless Tunneler,
5833,\N,Boundless Delver,
5834,\N,Banner of Rage,
5835,\N,Banner of Fortitude,
5836,\N,Boundless Tunneler,
5837,\N,Boundless Excavator,
5838,\N,Boundless Tunneler,
5839,\N,Boundless Delver,
5840,\N,Boundless Tunneler,
5841,\N,Boundless Excavator,
5842,\N,Boundless Tunneler,
5843,\N,Boundless Tunneler,
5844,\N,Boundless Delver,
5845,\N,Boundless Tunneler,
5846,\N,Boundless Excavator,
5847,\N,Boundless Tunneler,
5848,\N,Boundless Delver,
5849,\N,Boundless Tunneler,
5850,\N,Boundless Tunneler,
5851,\N,Boundless Tunneler,
5852,\N,Boundless Delver,
5853,\N,Boundless Excavator,
5854,\N,Boundless Tunneler,
5855,\N,Boundless Tunneler,
5856,\N,Boundless Delver,
5857,\N,Boundless Tunneler,
5858,\N,Boundless Excavator,
5859,\N,Boundless Tunneler,
5860,\N,Boundless Tunneler,
5861,\N,Boundless Delver,
5862,\N,Boundless Tunneler,
5863,\N,Boundless Tunneler,
5864,\N,Boundless Excavator,
5865,\N,Boundless Tunneler,
5866,\N,Boundless Tunneler,
5867,\N,Boundless Delver,
5868,\N,Boundless Tunneler,
5869,\N,Boundless Tunneler,
5870,\N,Boundless Excavator,
5871,\N,Boundless Tunneler,
5872,\N,Boundless Delver,
5873,\N,Boundless Tunneler,
5874,\N,Boundless Tunneler,
5875,\N,Boundless Tunneler,
5876,\N,Boundless Delver,
5877,\N,Boundless Excavator,
5878,\N,Boundless Tunneler,
5879,\N,Boundless Tunneler,
5880,\N,Boundless Tunneler,
5881,\N,Boundless Tunneler,
5882,\N,Boundless Delver,
5883,\N,Boundless Tunneler,
5884,\N,Boundless Excavator,
5885,\N,Boundless Tunneler,
5886,\N,Boundless Tunneler,
5887,\N,Boundless Delver,
5888,\N,Boundless Tunneler,
5889,\N,Boundless Tunneler,
5890,\N,Boundless Excavator,
5891,\N,Dominating Ghoul,
5892,\N,Painstalker Mongrel,
5893,\N,Painstalker Mongrel,
5894,\N,Summoned Skeleton,
5895,\N,Summoned Skeleton,
5896,\N,Dominating Ghoul,
5897,\N,Painstalker Mongrel,
5898,\N,Painstalker Mongrel,
5899,\N,Summoned Skeleton,
5900,\N,Summoned Skeleton,
5901,\N,Unbound Golem,
5902,\N,Lost Soldier,
5903,\N,Cursed Hammerlord,
5904,\N,Forgotten Mason,
5905,\N,Fallen Delver,
55,\N,Jahbrony,
3019,54,Greater Earth Elemental,
5906,\N,Matron Zamira,
5907,\N,Nightmare Spirit,
5908,\N,Banner of Fortitude,
5909,\N,Banner of Rage,
5910,\N,Nightmare Spirit,
5911,\N,Nightmare Spirit,
5912,\N,Nightmare Spirit,
5913,\N,Nightmare Spirit,
5914,\N,Nightmare Spirit,
5915,\N,Defense Crystal,
5916,\N,Child of Night,
5917,\N,Child of Night,
5918,\N,Child of Night,
5919,\N,Child of Night,
5920,\N,Child of Night,
5921,\N,Child of Night,
5922,\N,Child of Night,
5923,\N,Child of Night,
5924,\N,Child of Night,
5925,\N,Child of Night,
5926,\N,Child of Night,
5927,\N,Child of Night,
5928,\N,Child of Night,
5929,\N,Child of Night,
5930,\N,Child of Night,
5931,\N,Child of Night,
5932,\N,Child of Night,
5933,\N,Child of Night,
5934,\N,Child of Night,
5935,\N,Child of Night,
5936,\N,Child of Night,
5937,\N,Child of Night,
5938,\N,Child of Night,
5939,\N,Child of Night,
5940,\N,Child of Night,
5941,\N,Child of Night,
5942,\N,Child of Night,
5943,\N,Child of Night,
5944,\N,Child of Night,
5945,\N,Scowling Shade,
5946,\N,Scowling Shade,
5947,\N,Scowling Shade,
5948,\N,Nightmare Spirit,
5949,\N,Nightmare Spirit,
5950,\N,Nightmare Spirit,
5951,\N,Nightmare Spirit,
5952,\N,Nightmare Spirit,
5953,\N,Nightmare Spirit,
5954,\N,Nightmare Spirit,
5955,\N,Defense Crystal,
5956,\N,Child of Night,
5957,\N,Child of Night,
5958,\N,Child of Night,
5959,\N,Child of Night,
5960,\N,Child of Night,
5961,\N,Child of Night,
5962,\N,Child of Night,
5963,\N,Child of Night,
5964,\N,Child of Night,
5965,\N,Child of Night,
5966,\N,Child of Night,
5967,\N,Child of Night,
5968,\N,Child of Night,
5969,\N,Child of Night,
5970,\N,Child of Night,
5971,\N,Child of Night,
5972,\N,Child of Night,
5973,\N,Child of Night,
5974,\N,Child of Night,
5975,\N,Child of Night,
5976,\N,Child of Night,
5977,\N,Child of Night,
5978,\N,Child of Night,
5979,\N,Child of Night,
5980,\N,Child of Night,
5981,\N,Child of Night,
5982,\N,Child of Night,
5983,\N,Child of Night,
5984,\N,Child of Night,
5985,\N,Scowling Shade,
5986,\N,Scowling Shade,
5987,\N,Scowling Shade,
5988,\N,Nightmare Spirit,
5989,\N,Matron Zamira,
5990,\N,Matron Zamira,
5991,\N,Banner of Rage,
5992,\N,Banner of Fortitude,
5993,\N,Nightmare Spirit,
5994,\N,Nightmare Spirit,
5995,\N,Nightmare Spirit,
5996,\N,Nightmare Spirit,
5997,\N,Nightmare Spirit,
5998,\N,Nightmare Spirit,
5999,\N,Defense Crystal,
6000,\N,Child of Night,
6001,\N,Child of Night,
6002,\N,Child of Night,
6003,\N,Child of Night,
6004,\N,Child of Night,
6005,\N,Child of Night,
6006,\N,Child of Night,
6007,\N,Child of Night,
6008,\N,Child of Night,
6009,\N,Child of Night,
6010,\N,Child of Night,
6011,\N,Child of Night,
6012,\N,Child of Night,
6013,\N,Child of Night,
6014,\N,Child of Night,
6015,\N,Child of Night,
6016,\N,Child of Night,
6017,\N,Child of Night,
6018,\N,Child of Night,
6019,\N,Child of Night,
6020,\N,Child of Night,
6021,\N,Child of Night,
6022,\N,Child of Night,
6023,\N,Child of Night,
6024,\N,Child of Night,
6025,\N,Child of Night,
6026,\N,Child of Night,
6027,\N,Child of Night,
6028,\N,Scowling Shade,
6029,\N,Scowling Shade,
6030,\N,Scowling Shade,
6031,\N,Nightmare Spirit,
6032,\N,Nightmare Spirit,
6033,\N,Banner of Rage,
6034,\N,Banner of Fortitude,
6035,\N,Nightmare Spirit,
6036,\N,Nightmare Spirit,
6037,\N,Nightmare Spirit,
6038,\N,Defense Crystal,
6039,\N,Child of Night,
6040,\N,Child of Night,
6041,\N,Child of Night,
6042,\N,Child of Night,
6043,\N,Child of Night,
6044,\N,Child of Night,
6045,\N,Child of Night,
6046,\N,Child of Night,
6047,\N,Child of Night,
6048,\N,Child of Night,
6049,\N,Child of Night,
6050,\N,Child of Night,
6051,\N,Child of Night,
6052,\N,Child of Night,
6053,\N,Child of Night,
6054,\N,Child of Night,
6055,\N,Child of Night,
6056,\N,Child of Night,
6057,\N,Child of Night,
6058,\N,Scowling Shade,
6059,\N,Scowling Shade,
6060,\N,Scowling Shade,
6061,\N,Nightmare Spirit,
6062,\N,Nightmare Spirit,
6063,\N,Nightmare Spirit,
6064,\N,Nightmare Spirit,
6065,\N,Nightmare Spirit,
6066,\N,Defense Crystal,
6067,\N,Child of Night,
6068,\N,Child of Night,
6069,\N,Child of Night,
6070,\N,Child of Night,
6071,\N,Child of Night,
6072,\N,Child of Night,
6073,\N,Child of Night,
6074,\N,Child of Night,
6075,\N,Child of Night,
6076,\N,Child of Night,
6077,\N,Child of Night,
6078,\N,Child of Night,
6079,\N,Child of Night,
6080,\N,Child of Night,
6081,\N,Child of Night,
6082,\N,Child of Night,
6083,\N,Child of Night,
6084,\N,Child of Night,
6085,\N,Child of Night,
6086,\N,Child of Night,
6087,\N,Nightmare Spirit,
6088,\N,Nightmare Spirit,
6089,\N,Matron Zamira,
6090,\N,Nightmare Spirit,
6091,\N,Banner of Rage,
6092,\N,Banner of Fortitude,
6093,\N,Nightmare Spirit,
6094,\N,Nightmare Spirit,
6095,\N,Nightmare Spirit,
6096,\N,Nightmare Spirit,
6097,\N,Nightmare Spirit,
6098,\N,Defense Crystal,
6099,\N,Child of Night,
6100,\N,Child of Night,
6101,\N,Child of Night,
6102,\N,Child of Night,
6103,\N,Child of Night,
6104,\N,Child of Night,
6105,\N,Child of Night,
6106,\N,Child of Night,
6107,\N,Child of Night,
6108,\N,Child of Night,
6109,\N,Child of Night,
6110,\N,Child of Night,
6111,\N,Child of Night,
6112,\N,Child of Night,
6113,\N,Child of Night,
6114,\N,Child of Night,
6115,\N,Child of Night,
6116,\N,Child of Night,
6117,\N,Child of Night,
6118,\N,Child of Night,
6119,\N,Child of Night,
6120,\N,Child of Night,
6121,\N,Child of Night,
6122,\N,Child of Night,
6123,\N,Child of Night,
6124,\N,Nightmare Spirit,
6125,\N,Child of Night,
6126,\N,Child of Night,
6127,\N,Child of Night,
6128,\N,Child of Night,
6129,\N,Scowling Shade,
6130,\N,Scowling Shade,
6131,\N,Scowling Shade,
6132,\N,Nightmare Spirit,
6133,\N,Nightmare Spirit,
6134,\N,Nightmare Spirit,
6135,\N,Nightmare Spirit,
6136,\N,Nightmare Spirit,
6137,\N,Nightmare Spirit,
6138,\N,Defense Crystal,
6139,\N,Child of Night,
6140,\N,Child of Night,
6141,\N,Child of Night,
6142,\N,Child of Night,
6143,\N,Child of Night,
6144,\N,Child of Night,
6145,\N,Child of Night,
6146,\N,Child of Night,
6147,\N,Child of Night,
6148,\N,Child of Night,
6149,\N,Child of Night,
6150,\N,Child of Night,
6151,\N,Child of Night,
6152,\N,Child of Night,
6153,\N,Child of Night,
6154,\N,Child of Night,
6155,\N,Child of Night,
6156,\N,Child of Night,
6157,\N,Child of Night,
6158,\N,Child of Night,
6159,\N,Child of Night,
6160,\N,Child of Night,
6161,\N,Child of Night,
6162,\N,Child of Night,
6163,\N,Child of Night,
6164,\N,Scowling Shade,
6165,\N,Scowling Shade,
6166,\N,Scowling Shade,
6167,\N,Nightmare Spirit,
6168,\N,Nightmare Spirit,
6169,\N,Banner of Fortitude,
6170,\N,Banner of Rage,
6171,\N,Nightmare Spirit,
6172,\N,Matron Zamira,
6173,\N,Banner of Fortitude,
6174,\N,Banner of Rage,
6175,\N,Nightmare Spirit,
6176,\N,Nightmare Spirit,
6177,\N,Nightmare Spirit,
6178,\N,Nightmare Spirit,
6179,\N,Nightmare Spirit,
6180,\N,Nightmare Spirit,
6181,\N,Defense Crystal,
6182,\N,Child of Night,
6183,\N,Child of Night,
6184,\N,Child of Night,
6185,\N,Child of Night,
6186,\N,Child of Night,
6187,\N,Child of Night,
6188,\N,Child of Night,
6189,\N,Child of Night,
6190,\N,Child of Night,
6191,\N,Child of Night,
6192,\N,Child of Night,
6193,\N,Child of Night,
6194,\N,Child of Night,
6195,\N,Child of Night,
6196,\N,Child of Night,
6197,\N,Child of Night,
6198,\N,Child of Night,
6199,\N,Child of Night,
6200,\N,Child of Night,
6201,\N,Child of Night,
6202,\N,Child of Night,
6203,\N,Child of Night,
6204,\N,Child of Night,
6205,\N,Child of Night,
6206,\N,Child of Night,
6207,\N,Child of Night,
6208,\N,Child of Night,
6209,\N,Child of Night,
6210,\N,Scowling Shade,
6211,\N,Scowling Shade,
6212,\N,Scowling Shade,
6213,\N,Nightmare Spirit,
6214,\N,Nightmare Spirit,
6215,\N,Nightmare Spirit,
6216,\N,Nightmare Spirit,
6217,\N,Nightmare Spirit,
6218,\N,Nightmare Spirit,
6219,\N,Defense Crystal,
6220,\N,Child of Night,
6221,\N,Child of Night,
6222,\N,Child of Night,
6223,\N,Child of Night,
6224,\N,Child of Night,
6225,\N,Child of Night,
6226,\N,Child of Night,
6227,\N,Child of Night,
6228,\N,Child of Night,
6229,\N,Child of Night,
6230,\N,Child of Night,
6231,\N,Child of Night,
6232,\N,Child of Night,
6233,\N,Child of Night,
6234,\N,Child of Night,
6235,\N,Child of Night,
6236,\N,Child of Night,
6237,\N,Child of Night,
6238,\N,Child of Night,
6239,\N,Child of Night,
6240,\N,Child of Night,
6241,\N,Child of Night,
6242,\N,Child of Night,
6243,\N,Child of Night,
6244,\N,Scowling Shade,
6245,\N,Scowling Shade,
6246,\N,Scowling Shade,
6247,\N,Nightmare Spirit,
6248,\N,Nightmare Spirit,
6249,\N,Nightmare Spirit,
6250,\N,Banner of Fortitude,
6251,\N,Banner of Rage,
6252,\N,Nightmare Spirit,
6253,\N,Nightmare Spirit,
6254,\N,Defense Crystal,
6255,\N,Child of Night,
6256,\N,Child of Night,
6257,\N,Child of Night,
6258,\N,Child of Night,
6259,\N,Child of Night,
6260,\N,Child of Night,
6261,\N,Child of Night,
6262,\N,Child of Night,
6263,\N,Child of Night,
6264,\N,Child of Night,
6265,\N,Child of Night,
6266,\N,Child of Night,
6267,\N,Child of Night,
6268,\N,Child of Night,
6269,\N,Child of Night,
6270,\N,Child of Night,
6271,\N,Child of Night,
6272,\N,Child of Night,
6273,\N,Child of Night,
6274,\N,Child of Night,
6275,\N,Child of Night,
6276,\N,Scowling Shade,
6277,\N,Scowling Shade,
6278,\N,Scowling Shade,
6279,\N,Matron Zamira,
6280,\N,Banner of Fortitude,
6281,\N,Banner of Rage,
6282,\N,Nightmare Spirit,
6283,\N,Nightmare Spirit,
6284,\N,Nightmare Spirit,
6285,\N,Nightmare Spirit,
6286,\N,Nightmare Spirit,
6287,\N,Nightmare Spirit,
6288,\N,Defense Crystal,
6289,\N,Child of Night,
6290,\N,Child of Night,
6291,\N,Child of Night,
6292,\N,Child of Night,
6293,\N,Child of Night,
6294,\N,Child of Night,
6295,\N,Child of Night,
6296,\N,Child of Night,
6297,\N,Child of Night,
6298,\N,Child of Night,
6299,\N,Child of Night,
6300,\N,Child of Night,
6301,\N,Child of Night,
6302,\N,Child of Night,
6303,\N,Child of Night,
6304,\N,Child of Night,
6305,\N,Child of Night,
6306,\N,Child of Night,
6307,\N,Child of Night,
6308,\N,Child of Night,
6309,\N,Child of Night,
6310,\N,Child of Night,
6311,\N,Child of Night,
6312,\N,Child of Night,
6313,\N,Child of Night,
6314,\N,Child of Night,
6315,\N,Child of Night,
6316,\N,Child of Night,
6317,\N,Nightmare Spirit,
6318,\N,Scowling Shade,
6319,\N,Scowling Shade,
6320,\N,Scowling Shade,
6321,\N,Nightmare Spirit,
3020,54,Fire Elemental,
6322,\N,Nightmare Spirit,
6323,\N,Nightmare Spirit,
6324,\N,Nightmare Spirit,
6325,\N,Nightmare Spirit,
6326,\N,Nightmare Spirit,
6327,\N,Defense Crystal,
6328,\N,Child of Night,
6329,\N,Child of Night,
6330,\N,Child of Night,
6331,\N,Child of Night,
6332,\N,Child of Night,
6333,\N,Child of Night,
6334,\N,Child of Night,
6335,\N,Child of Night,
6336,\N,Child of Night,
6337,\N,Child of Night,
6338,\N,Child of Night,
6339,\N,Child of Night,
6340,\N,Child of Night,
6341,\N,Child of Night,
6342,\N,Child of Night,
6343,\N,Child of Night,
6344,\N,Child of Night,
6345,\N,Child of Night,
6346,\N,Child of Night,
6347,\N,Child of Night,
6348,\N,Child of Night,
6349,\N,Child of Night,
6350,\N,Child of Night,
6351,\N,Child of Night,
6352,\N,Child of Night,
6353,\N,Scowling Shade,
6354,\N,Scowling Shade,
6355,\N,Scowling Shade,
6356,\N,Nightmare Spirit,
6357,\N,Nightmare Spirit,
6358,\N,Banner of Fortitude,
6359,\N,Banner of Rage,
6360,\N,Nightmare Spirit,
6361,\N,Nightmare Spirit,
6362,\N,Nightmare Spirit,
6363,\N,Defense Crystal,
6364,\N,Child of Night,
6365,\N,Child of Night,
6366,\N,Child of Night,
6367,\N,Child of Night,
6368,\N,Child of Night,
6369,\N,Child of Night,
6370,\N,Child of Night,
6371,\N,Child of Night,
6372,\N,Child of Night,
6373,\N,Child of Night,
6374,\N,Child of Night,
6375,\N,Child of Night,
6376,\N,Child of Night,
6377,\N,Child of Night,
6378,\N,Child of Night,
6379,\N,Child of Night,
6380,\N,Child of Night,
6381,\N,Child of Night,
6382,\N,Child of Night,
6383,\N,Child of Night,
6384,\N,Child of Night,
6385,\N,Child of Night,
6386,\N,Child of Night,
6387,\N,Child of Night,
6388,\N,Scowling Shade,
6389,\N,Scowling Shade,
6390,\N,Scowling Shade,
6391,\N,Nightmare Spirit,
6392,\N,Nightmare Spirit,
6393,\N,Nightmare Spirit,
6394,\N,Matron Zamira,
6395,\N,Matron Zamira,
6396,\N,Matron Zamira,
6397,\N,Nightmare Spirit,
6398,\N,Banner of Rage,
6399,\N,Banner of Fortitude,
6400,\N,Nightmare Spirit,
6401,\N,Nightmare Spirit,
6402,\N,Nightmare Spirit,
6403,\N,Nightmare Spirit,
6404,\N,Nightmare Spirit,
6405,\N,Nightmare Spirit,
6406,\N,Defense Crystal,
6407,\N,Child of Night,
6408,\N,Child of Night,
6409,\N,Child of Night,
6410,\N,Child of Night,
6411,\N,Child of Night,
6412,\N,Child of Night,
6413,\N,Child of Night,
6414,\N,Child of Night,
6415,\N,Child of Night,
6416,\N,Child of Night,
6417,\N,Child of Night,
6418,\N,Child of Night,
6419,\N,Child of Night,
6420,\N,Child of Night,
6421,\N,Child of Night,
6422,\N,Child of Night,
6423,\N,Child of Night,
6424,\N,Child of Night,
6425,\N,Child of Night,
6426,\N,Child of Night,
6427,\N,Child of Night,
6428,\N,Child of Night,
6429,\N,Child of Night,
6430,\N,Child of Night,
6431,\N,Child of Night,
6432,\N,Child of Night,
6433,\N,Child of Night,
6434,\N,Child of Night,
6435,\N,Child of Night,
6436,\N,Child of Night,
6437,\N,Scowling Shade,
6438,\N,Nightmare Spirit,
6439,\N,Nightmare Spirit,
6440,\N,Scowling Shade,
6441,\N,Nightmare Spirit,
6442,\N,Nightmare Spirit,
6443,\N,Nightmare Spirit,
6444,\N,Nightmare Spirit,
6445,\N,Defense Crystal,
6446,\N,Child of Night,
6447,\N,Child of Night,
6448,\N,Child of Night,
6449,\N,Child of Night,
6450,\N,Child of Night,
6451,\N,Child of Night,
6452,\N,Child of Night,
6453,\N,Child of Night,
6454,\N,Child of Night,
6455,\N,Child of Night,
6456,\N,Child of Night,
6457,\N,Child of Night,
6458,\N,Child of Night,
6459,\N,Child of Night,
6460,\N,Child of Night,
6461,\N,Child of Night,
6462,\N,Child of Night,
6463,\N,Child of Night,
6464,\N,Child of Night,
6465,\N,Child of Night,
6466,\N,Child of Night,
6467,\N,Child of Night,
6468,\N,Child of Night,
6469,\N,Child of Night,
6470,\N,Child of Night,
6471,\N,Scowling Shade,
6472,\N,Scowling Shade,
6473,\N,Scowling Shade,
6474,\N,Nightmare Spirit,
6475,\N,Banner of Fortitude,
6476,\N,Banner of Rage,
6477,\N,Nightmare Spirit,
6478,\N,Nightmare Spirit,
6479,\N,Nightmare Spirit,
6480,\N,Defense Crystal,
6481,\N,Child of Night,
6482,\N,Child of Night,
6483,\N,Child of Night,
6484,\N,Child of Night,
6485,\N,Child of Night,
6486,\N,Child of Night,
6487,\N,Child of Night,
6488,\N,Child of Night,
6489,\N,Child of Night,
6490,\N,Child of Night,
6491,\N,Child of Night,
6492,\N,Child of Night,
6493,\N,Child of Night,
6494,\N,Child of Night,
6495,\N,Child of Night,
6496,\N,Child of Night,
6497,\N,Child of Night,
6498,\N,Child of Night,
6499,\N,Child of Night,
6500,\N,Scowling Shade,
6501,\N,Scowling Shade,
6502,\N,Scowling Shade,
6503,\N,Nightmare Spirit,
6504,\N,Nightmare Spirit,
6505,\N,Nightmare Spirit,
6506,\N,Nightmare Spirit,
56,\N,Abbatia,
6507,\N,Cannon,
6508,\N,Cannon,
6509,\N,Cannon,
6510,\N,Cannon,
6511,\N,Cannon,
6512,\N,Cannon,
6513,\N,Cannon,
6514,\N,Cannon,
57,\N,Fisty,
6515,\N,Cannon,
6516,\N,Cannon,
6517,\N,Cannon,
6518,\N,Cannon,
6519,\N,Cannon,
6520,\N,Cannon,
6521,\N,Cannon,
6522,\N,Cannon,
6523,\N,Cannon,
6524,\N,Cannon,
6525,\N,Cannon,
6526,\N,Cannon,
6527,\N,Cannon,
6528,\N,Cannon,
6529,\N,Cannon,
6530,\N,Cannon,
6531,\N,Cannon,
6532,\N,Cannon,
6533,\N,Defiant Guard,
58,\N,Myrrh,
6534,\N,Cannon,
6535,\N,Cannon,
6536,\N,Cannon,
6537,\N,Cannon,
6538,\N,Cannon,
6539,\N,Cannon,
6540,\N,Cannon,
6541,\N,Cannon,
59,\N,Puregenius,
60,\N,Tananda,
61,\N,Ogre,
62,\N,Tiidan,
63,\N,Seilver,
64,\N,Yeorin,
65,\N,Tessryn,
66,\N,Alonos,
6542,\N,Bitwig,
6543,\N,Unleashed Deep One,
67,\N,Ouch,
6544,\N,Boss Practice Dummy,
6545,\N,Meridian Centurion,
6546,\N,Boss Practice Dummy,
3021,66,Rocky,
6547,\N,Jareth Paxnell,
6548,\N,Meridian Centurion,
68,\N,Ladyrange,
69,\N,Brim,
70,\N,Carlson,
3022,70,Faerie,
6549,\N,Arban Chinua,
